{"$schema":"http://schema.management.azure.com/schemas/2015-01-01/deploymentTemplate.json#","contentVersion":"1.0.0.0","parameters":{"WH_STORE_Medallon":{"type":"string"}},"variables":{},"resources":[{"name":"DP_INGST_Parquet","type":"pipelines","apiVersion":"2018-06-01","properties":{"activities":[{"name":"Listado archivos Parquet","type":"Lookup","dependsOn":[],"policy":{"timeout":"0.12:00:00","retry":0,"retryIntervalInSeconds":30,"secureOutput":false,"secureInput":false},"typeProperties":{"source":{"type":"DataWarehouseSource","queryTimeout":"02:00:00","partitionOption":"None"},"firstRowOnly":false,"datasetSettings":{"annotations":[],"linkedService":{"name":"WH_STORE_Medallon","properties":{"annotations":[],"type":"DataWarehouse","typeProperties":{"endpoint":"evxidzw3ig3uxmngewtrq53prq-bozdjyvbjetu5bnyap5imnt6si.datawarehouse.fabric.microsoft.com","artifactId":"[parameters('WH_STORE_Medallon')]","workspaceId":"e234b20b-49a1-4e27-85b8-03fa86367e92"}}},"type":"DataWarehouseTable","schema":[],"typeProperties":{"schema":"dbo","table":"config_bronce_archivos_parquet"}}}},{"name":"Descargar archivos Parquet","type":"ForEach","dependsOn":[{"activity":"Listado archivos Parquet","dependencyConditions":["Succeeded"]}],"typeProperties":{"items":{"value":"@activity('Listado archivos Parquet').output.value","type":"Expression"},"activities":[{"name":"Descargar archivo Parquet","type":"SqlServerStoredProcedure","dependsOn":[],"policy":{"timeout":"0.12:00:00","retry":0,"retryIntervalInSeconds":30,"secureOutput":false,"secureInput":false},"typeProperties":{"storedProcedureName":"[[c01_bronce].[cargar_tabla_desde_parquet]","storedProcedureParameters":{"archivo":{"value":{"value":"@item().RutaArchivoParquet","type":"Expression"},"type":"String"},"tabla":{"value":{"value":"@item().Tabla","type":"Expression"},"type":"String"}}},"linkedService":{"name":"WH_STORE_Medallon","properties":{"annotations":[],"type":"DataWarehouse","typeProperties":{"endpoint":"evxidzw3ig3uxmngewtrq53prq-bozdjyvbjetu5bnyap5imnt6si.datawarehouse.fabric.microsoft.com","artifactId":"[parameters('WH_STORE_Medallon')]","workspaceId":"e234b20b-49a1-4e27-85b8-03fa86367e92"}}}}]}}],"lastModifiedByObjectId":"a62cd89e-1254-4d78-8ead-68b7f0160949","lastPublishTime":"2025-06-05T11:04:56Z"},"dependsOn":[]}]}