{"$schema":"http://schema.management.azure.com/schemas/2015-01-01/deploymentTemplate.json#","contentVersion":"1.0.0.0","parameters":{"WH_STORE_Plata":{"type":"string"}},"variables":{},"resources":[{"name":"DP_ORCH_ETL","type":"pipelines","apiVersion":"2018-06-01","properties":{"activities":[{"name":"BRONCE_DF","type":"RefreshDataflow","dependsOn":[],"policy":{"timeout":"0.12:00:00","retry":0,"retryIntervalInSeconds":30,"secureOutput":false,"secureInput":false},"typeProperties":{"dataflowId":"22cde94e-5f4c-48bd-956f-45eabb7941eb","workspaceId":"c9ff8c87-f186-4abb-ad9b-10201cf78aaf","notifyOption":"NoNotification","dataflowType":"Dataflow-Gen2"}},{"name":"PLATA_SP","type":"SqlServerStoredProcedure","dependsOn":[{"activity":"BRONCE_DF","dependencyConditions":["Succeeded"]}],"policy":{"timeout":"0.12:00:00","retry":0,"retryIntervalInSeconds":30,"secureOutput":false,"secureInput":false},"typeProperties":{"storedProcedureName":"[[dbo].[spCopiarTablaPlata]","storedProcedureParameters":{"tablaDestino":{"value":"T1_PLATA","type":"String"},"tablaOrigen":{"value":"T1_BRONCE","type":"String"}}},"linkedService":{"name":"WH_STORE_Plata","properties":{"annotations":[],"type":"DataWarehouse","typeProperties":{"endpoint":"evxidzw3ig3uxmngewtrq53prq-q6gp7smg6g5uvlm3caqbz54kv4.datawarehouse.fabric.microsoft.com","artifactId":"[parameters('WH_STORE_Plata')]","workspaceId":"c9ff8c87-f186-4abb-ad9b-10201cf78aaf"}}}},{"name":"ORO_NB","type":"TridentNotebook","dependsOn":[{"activity":"PLATA_SP","dependencyConditions":["Succeeded"]}],"policy":{"timeout":"0.12:00:00","retry":0,"retryIntervalInSeconds":30,"secureOutput":false,"secureInput":false},"typeProperties":{"notebookId":"65c0c892-2d91-4edc-8ff9-27d086486699","workspaceId":"c9ff8c87-f186-4abb-ad9b-10201cf78aaf"}}],"lastModifiedByObjectId":"9fbb5c00-826f-443c-9167-57d69e31cff1","lastPublishTime":"2025-07-02T18:57:13Z"},"dependsOn":[]}]}